target,feature,rmse_improvement,pct_improvement_rmse,rmse_var_improvement
FEDFUNDS,FEDFUNDS_lag_3,0.012178620135818857,6.28167460404078,"FEDFUNDS    6.281675
dtype: float64"
FEDFUNDS,FEDFUNDS_lag_6,0.00926196464206136,4.777277509825918,"FEDFUNDS    4.777278
dtype: float64"
FEDFUNDS,FEDFUNDS_lag_9,0.008523201285579318,4.39622686836939,"FEDFUNDS    4.396227
dtype: float64"
GDP,GDP_lag_1,0.010094079879133994,29.79455597849781,"GDP    29.794556
dtype: float64"
GDP,GDP_lag_4,0.001665403048958576,4.915747147150008,"GDP    4.915747
dtype: float64"
GDP,GDP_lag_3,0.0012101397282150983,3.5719526995859487,"GDP    3.571953
dtype: float64"
CPIAUCSL,CPIAUCSL_lag_3,0.0006511067820089231,5.355572594757123,"CPIAUCSL    5.355573
dtype: float64"
CPIAUCSL,CPIAUCSL_lag_5,0.0004067340716891188,3.345524740152946,"CPIAUCSL    3.345525
dtype: float64"
CPIAUCSL,CPIAUCSL_lag_4,0.000367451152199846,3.0224094956615803,"CPIAUCSL    3.022409
dtype: float64"
CUSR0000SAH1,CUSR0000SAH1_lag_4,0.002594482036835115,28.153604423203895,"CUSR0000SAH1    28.153604
dtype: float64"
CUSR0000SAH1,CUSR0000SAH1_lag_9,0.0021063914962806424,22.857168446240646,"CUSR0000SAH1    22.857168
dtype: float64"
CUSR0000SAH1,CUSR0000SAH1_lag_3,0.0020171928252417856,21.88924341771864,"CUSR0000SAH1    21.889243
dtype: float64"
CPILFESL,CPILFESL_lag_1,0.0006893733265664354,9.198121661565965,"CPILFESL    9.198122
dtype: float64"
CPILFESL,CPILFESL_lag_10,6.430095125538153e-05,0.8579501843322681,"CPILFESL    0.85795
dtype: float64"
CPILFESL,CPILFESL_lag_9,-2.3160276955711337e-05,-0.3090213052124312,"CPILFESL   -0.309021
dtype: float64"
PCE,PCE_lag_10,0.0019079160560596456,3.178131466044001,"PCE    3.178131
dtype: float64"
PCE,PCE_lag_4,0.0011635544652011595,1.9382032278448418,"PCE    1.938203
dtype: float64"
PCE,PCE_lag_5,0.0011024189398664494,1.8363660761828093,"PCE    1.836366
dtype: float64"
PRFI,PRFI_lag_1,0.042350388289362204,45.08545445353462,"PRFI    45.085454
dtype: float64"
PRFI,PRFI_lag_2,0.029166940545960293,31.0505953463514,"PRFI    31.050595
dtype: float64"
PRFI,PRFI_lag_5,0.026958927865469884,28.69998513567519,"PRFI    28.699985
dtype: float64"
PNFI,PNFI_lag_1,0.018871416473954624,49.88335295601133,"PNFI    49.883353
dtype: float64"
PNFI,PNFI_lag_2,0.0075019011473856576,19.82998908919342,"PNFI    19.829989
dtype: float64"
PNFI,PNFI_lag_3,0.00027605220180536294,0.729696651862154,"PNFI    0.729697
dtype: float64"
EXPGS,EXPGS_lag_8,0.0003801370471854734,0.8921244894793752,"EXPGS    0.892124
dtype: float64"
EXPGS,EXPGS_lag_7,0.000302363033919055,0.709600575028563,"EXPGS    0.709601
dtype: float64"
EXPGS,EXPGS_lag_6,-8.93778579864335e-05,-0.20975639316733796,"EXPGS   -0.209756
dtype: float64"
HOUST,HOUST_lag_1,0.008996155618136825,0.12759660300411094,"HOUST    0.127597
dtype: float64"
HOUST,HOUST_lag_3,0.00580944568459163,0.08239803379972052,"HOUST    0.082398
dtype: float64"
HOUST,HOUST_lag_4,0.005347619899906952,0.0758477467874915,"HOUST    0.075848
dtype: float64"
DSPI,DSPI_lag_1,0.007731589638191788,7.487285032514766,"DSPI    7.487285
dtype: float64"
DSPI,DSPI_lag_2,0.0010704263378103207,1.0366027521568264,"DSPI    1.036603
dtype: float64"
DSPI,DSPI_lag_6,0.0005553733683549278,0.5378245487578234,"DSPI    0.537825
dtype: float64"
DGS2,DGS2_lag_5,0.005643255654501078,4.100943632477895,"DGS2    4.100944
dtype: float64"
DGS2,DGS2_lag_7,0.004838074208163623,3.5158197381327505,"DGS2    3.51582
dtype: float64"
DGS2,DGS2_lag_6,0.002688825732391986,1.9539647751561071,"DGS2    1.953965
dtype: float64"
DGS5,DGS5_lag_4,-0.0009185319155583863,-1.5762991474859247,"DGS5   -1.576299
dtype: float64"
DGS5,DGS5_lag_6,-0.0009341630467562603,-1.603123842811259,"DGS5   -1.603124
dtype: float64"
DGS5,DGS5_lag_9,-0.0014762863998486753,-2.5334655814456695,"DGS5   -2.533466
dtype: float64"
DGS10,DGS10_lag_2,0.014400615066234815,12.912210684204187,"DGS10    12.912211
dtype: float64"
DGS10,DGS10_lag_1,0.01432123408067075,12.841034279223662,"DGS10    12.841034
dtype: float64"
DGS10,DGS10_lag_4,0.005081097346417651,4.555930364233356,"DGS10    4.55593
dtype: float64"
AAA,AAA_lag_1,0.002422208038757201,2.7012283515011193,"AAA    2.701228
dtype: float64"
AAA,AAA_lag_3,0.002060223919550866,2.2975463597201786,"AAA    2.297546
dtype: float64"
AAA,AAA_lag_7,0.0013233632650958282,1.4758048498782423,"AAA    1.475805
dtype: float64"
BAA,BAA_lag_2,0.008459891234502664,10.710268797825579,"BAA    10.710269
dtype: float64"
BAA,BAA_lag_1,0.005748625292260223,7.277791214026774,"BAA    7.277791
dtype: float64"
BAA,BAA_lag_5,0.00029183225521689504,0.36946123899337907,"BAA    0.369461
dtype: float64"
WTISPLC,WTISPLC_lag_5,0.00967693742447473,0.12559255741618833,"WTISPLC    0.125593
dtype: float64"
WTISPLC,WTISPLC_lag_6,0.004029182068867598,0.05229291645977531,"WTISPLC    0.052293
dtype: float64"
WTISPLC,WTISPLC_lag_7,0.002799879064852462,0.03633835342589847,"WTISPLC    0.036338
dtype: float64"
IMPGS,IMPGS_lag_1,0.005845787659836385,14.067405264526897,"IMPGS    14.067405
dtype: float64"
IMPGS,IMPGS_lag_4,0.0016169794668544346,3.891127558556688,"IMPGS    3.891128
dtype: float64"
IMPGS,IMPGS_lag_5,0.0005153192396004369,1.2400731955888522,"IMPGS    1.240073
dtype: float64"
GCE,GCE_lag_4,-6.644481999229686e-05,-0.45127342098023515,"GCE   -0.451273
dtype: float64"
GCE,GCE_lag_3,-0.00017893845790759033,-1.2152966936210783,"GCE   -1.215297
dtype: float64"
GCE,GCE_lag_9,-0.000553771355818633,-3.7610500594344223,"GCE   -3.76105
dtype: float64"
FGCE,FGCE_lag_1,0.005832766598091496,17.387694174515058,"FGCE    17.387694
dtype: float64"
FGCE,FGCE_lag_5,0.0043618678025529566,13.00289015598034,"FGCE    13.00289
dtype: float64"
FGCE,FGCE_lag_4,0.003591038791279269,10.705020202936753,"FGCE    10.70502
dtype: float64"
GDPCTPI,GDPCTPI_lag_1,0.008157353144759315,68.65427555218382,"GDPCTPI    68.654276
dtype: float64"
GDPCTPI,GDPCTPI_lag_2,0.006026057004802176,50.71676691680887,"GDPCTPI    50.716767
dtype: float64"
GDPCTPI,GDPCTPI_lag_5,0.005064065222831453,42.620409225002334,"GDPCTPI    42.620409
dtype: float64"
PCEPI,PCEPI_lag_2,6.097871039921661e-06,0.08131408166001834,"PCEPI    0.081314
dtype: float64"
PCEPI,PCEPI_lag_1,3.236456686235914e-07,0.0043157603949112115,"PCEPI    0.004316
dtype: float64"
PCEPI,PCEPI_lag_8,-1.2139663102606231e-05,-0.16188035961861147,"PCEPI   -0.16188
dtype: float64"
PCEPILFE,PCEPILFE_lag_10,0.0002322079324216051,2.827438840391544,"PCEPILFE    2.827439
dtype: float64"
PCEPILFE,PCEPILFE_lag_9,0.0001502511880098166,1.82950703002944,"PCEPILFE    1.829507
dtype: float64"
PCEPILFE,PCEPILFE_lag_5,-0.00014309987307161397,-1.742430307863746,"PCEPILFE   -1.74243
dtype: float64"
PAYEMS,PAYEMS_lag_1,0.0048383694120209125,3.9619342182194637,"PAYEMS    3.961934
dtype: float64"
PAYEMS,PAYEMS_lag_6,0.0022707542698864186,1.859423759723469,"PAYEMS    1.859424
dtype: float64"
PAYEMS,PAYEMS_lag_8,0.001804998570114097,1.4780362948320769,"PAYEMS    1.478036
dtype: float64"
UNRATE,UNRATE_lag_1,0.024169653864201113,1.6547259777853378,"UNRATE    1.654726
dtype: float64"
UNRATE,UNRATE_lag_5,0.008762833083752142,0.599929466270027,"UNRATE    0.599929
dtype: float64"
UNRATE,UNRATE_lag_10,3.702404144934057e-05,0.0025347753647215897,"UNRATE    0.002535
dtype: float64"
INDPRO,INDPRO_lag_3,0.0029364915053828045,2.0333116364848376,"INDPRO    2.033312
dtype: float64"
INDPRO,INDPRO_lag_6,0.0022388630628935036,1.550253528720493,"INDPRO    1.550254
dtype: float64"
INDPRO,INDPRO_lag_1,0.002019202416242677,1.3981541447807853,"INDPRO    1.398154
dtype: float64"
CUMFNS,CUMFNS_lag_2,0.01745167790757174,0.606960359675052,"CUMFNS    0.60696
dtype: float64"
CUMFNS,CUMFNS_lag_8,0.010146902424646775,0.35290403466472225,"CUMFNS    0.352904
dtype: float64"
CUMFNS,CUMFNS_lag_4,0.009782618331373616,0.3402344217227457,"CUMFNS    0.340234
dtype: float64"
USREC,USREC_lag_2,0.0,0.0,"USREC    0.0
dtype: float64"
USREC,USREC_lag_3,0.0,0.0,"USREC    0.0
dtype: float64"
USREC,USREC_lag_4,0.0,0.0,"USREC    0.0
dtype: float64"
